partner_name,partner_com_code
中央化学(株),9100
三宝化成工業(株),9101
協和商事(株),9102
(株)ダンロップホームプロダクツ,9103
株式会社ミツマ,9104
株式会社メイワパックス,9105
タツミ産業(株),9106
(株)旭創業,9107
チヨダ(株),9108
大丸藤井(株),9109
米沢印刷紙業(株),9110
エーシンパック工業(株),9111
全容器(株),9112
三甲株式会社,9113
(有)ヨシダ商会,9114
木黒工業(株)札幌営業所,9115
(株)フジ本芳川商会札幌店,9116
(株)ジャパックス,9117
諸口,9118
VISAカード,9119
給与,9120
トラストシステム,9121
カクイ協和産業,9122
福岡燃料,9123
松岡満運輸,9124
特定非営利活動法人アシスト,9125
西濃運輸,9126
アイ・リンク,9127
帝国データバンク,9128
伊藤忠建材(株),9129
SMB建材(株),9130
高島(株),9131
住友林業(株),9132
(株)クワザワ,9133
大建工業(株)札幌営業所,9134
TOTO北海道販売(株),9135
岩倉化学工業(株),9136
岩倉建材(株),9137
池内ベニヤ(株)札幌営業所,9138
(株)旭川プレカットセンター,9139
丸玉木材(株),9140
(株)キムラ,9141
(株)丸幸木材店,9142
クロカワベニヤ(株),9143
一般,9144
ダイアックス(株),9145
北海広葉木材(株),9146
(株)丹波屋,9147
日本製紙木材(株)札幌営業所,9148
双日建材(株),9149
(株)北海道三和,9150
(株)三洋工業北海道システム,9151
(株)ミライズコーポレーション,9152
(株)サンユー,9153
富士化学工業(株),9154
丸惣ウッド(有),9155
三洋工業(株)北海道支店,9156
(株)樋口,9157
(株)ハルキ札幌営業所,9158
(株)佐藤ケミカル北海道支店,9159
岩塚工業,9160
松原産業(株),9161
シンコール(株),9162
(株)マルエス佐川工務所,9163
(株)創建,9164
永浜クロス(株),9165
北海道北三(株),9166
(有)総合リフォーム,9167
(株)新宮商行,9168
イビケン(株),9169
(株)銘林,9170
橋本総業(株)北海道支店,9171
秋山興業(株),9172
(株)エービーシー商会,9173
(株)アオバボード,9174
北海道東リ(株),9175
ジャパン建材(株)札幌営業所,9176
パナソニックAWエンジニアリング(株),9177
(有)クロースパット,9178
(株)アート工装,9179
(株)ハウジング高橋,9180
新和興業(株),9181
(株)ニッタクス,9182
(株)村田塗料店,9183
(株)インシュレーション,9184
北見木材(株),9185
(株)丸喜金属本社,9186
丸和石川工業,9187
(株)ノモト,9188
(株)北日本ダイエイ,9189
(有)金野木材店,9190
(株)ダイケン,9191
(株)村本金属札幌支店,9192
マツ六(株),9193
昭和木材(株)札幌支店,9194
(株)エルム電気商会,9195
(株)イワクラ,9196
小林商事(株),9197
東邦木材(株)札幌支店,9198
(有)三立木工,9199
新日本フェザーコア(株),9200
(株)高橋総業,9201
(株)よねざわ工業,9202
北海道軽販商事(株),9203
サンライズ産商(株),9204
従業員一同,9205
石狩北自運輸(株),9206
(株)S・Kクリエーション,9207
システムデザイン開発(株),9208
(株)CtoCグループ,9209
スミリンエンタープライズ(株),9210
(株)ジョイフルホーム,9211
(株)アイックス,9212
(株)帝国データバンク,9213
(有)モンキーバスケット,9214
税理士法人エンカレッジ,9215
(株)大明電気,9216
(株)レンタルのニッケン,9217
札樽自動車運輸(株),9218
(株)タナカ商会,9219
(株)リベラル,9220
北海道西濃運輸(株),9221
(株)誠和運輸,9222
コマツカスタマーサポート(株),9223
(株)いちたかガスワン,9224
弁護士法人清水法律事務所,9225
カウネット(コクヨ北海販売(株),9226
札幌警備(株),9227
北海道電力,9228
富士フイルムビジネスイノベーションジャパン(株),9229
星社会保険労務士,9230
ヤマト運輸(株),9231
札幌市水道局,9232
(株)ATTAKAIDO,9233
共通運送(株),9234
北海道ハイウェイ(協),9235
吉野石膏(株),9236
日本製紙木材(株),9237
橋本総業(株),9238
ヒルカワ金属(株),9239
(株)カイトー商会,9240
(株)スズキトレーディング,9241
パナリニックAWエンジニアリング(株),9242
米山産業(株)広域開発部,9243
大丸総合建材(株),9244
(有)丸二成田建設,9245
(株)プレスボード,9246
(株)サカイ,9247
三和シャッター工業(株),9248
(株)グリーンウォール,9249
AーTEC(株),9250
マオイサイディング(株),9251
(株)カイダー・ベースボード工業,9252
(株)桐井製作所,9253
今井金商(株),9254
(株)アイテックサプライ,9255
(株)ラクス,9256
札幌北洋JCB,9257
(株)CtoCグループJFH札幌,9258
カウネット(コクヨ北海販売(株)),9259
(株)宿田生花店,9260
(株)丸升増田本店,9261
池内ベニヤ(株),9262
三洋工業(株),9263
米山産業(株),9264
村上建設,9265
クボタ建設,9266
河野組,9267
日本一運送,9268
札幌北洋リ一ス,9269
カナモト,9270
函東工業,9271
カネサン岡田土建,9272
その他,9273
北海道エネルギー,9274
前組,9275
日神機械販売,9276
日本サルヴェージ,9277
フジシン,9278
東洋建設,9279
前田道路,9280
北日本石油,9281
高橋塗装工事店,9282
大翔建設,9283
東和警備,9284
大歩,9285
クロダリサイクル,9286
小田島建設,9287
(株)日本サーモエナー北海道支社,9288
メンテナンスたなか,9289
山田機械工業(株)札幌支店,9290
その他一括,9291
給料,9292
ダイドー(株),9293
(株)シバタ(札幌),9294
バンドーICS(株),9295
(株)佐野車輛製作所,9296
(株)ヤマカミ,9297
(株)ヴィエッチ,9298
東芝産業機器システム(株),9299
(株)築地製作所,9300
丸高興業(株),9301
決算賞与,9302
帯広年金事務所,9303
日鉱日石エネルギー(株),9304
安住板金加工所,9305
(株)GOING,9306
(有)旭工房,9307
日農運輸他運賃,9308
帯広三菱自動車(株),9309
税理士法人きずな会計事務所,9310
アスクル他,9311
帯広トヨペット,9312
(株)タカケン,9313
パソコン工房,9314
(有)長屋機工,9315
日農運輸(株),9316
(株)江端商店,9317
(株)共成レンテム,9318
三菱ふそうトラックバス(株),9319
日立建機日本(株)士別,9320
レインボー事業協同組合,9321
(株)近藤組,9322
安川電機商会,9323
HRケイスタッフ,9324
北部ガスセンター,9325
(有)梨木金物店,9326
富居鉄工所,9327
日本キャタピラー合同会社,9328
役員、社員,9329
